{"cameraMode":{"drawMode":0,"name":"Shaded","section":"Shading Mode"},"sceneLighting":false,"audioPlay":false,"sceneViewState":{"m_AlwaysRefresh":false,"showFog":true,"showSkybox":false,"showFlares":true,"showImageEffects":true,"showParticleSystems":true,"showVisualEffectGraphs":true,"m_FxEnabled":true},"in2DMode":false,"pivot":{"x":-0.01261138916015625,"y":0.9477264881134033,"z":0.12095236778259278},"rotation":{"x":-0.04999150335788727,"y":-0.7765375375747681,"z":0.06210474297404289,"w":-0.6250165700912476},"size":2.416292428970337,"orthographic":false}