{"cameraMode":{"drawMode":0,"name":"Shaded","section":"Shading Mode"},"sceneLighting":false,"audioPlay":false,"sceneViewState":{"m_AlwaysRefresh":false,"showFog":true,"showSkybox":false,"showFlares":true,"showImageEffects":true,"showParticleSystems":true,"showVisualEffectGraphs":true,"m_FxEnabled":true},"in2DMode":false,"pivot":{"x":0.0013188065495342017,"y":0.0020361575298011305,"z":0.00008518737740814686},"rotation":{"x":-0.10848888754844666,"y":-0.6003215909004211,"z":0.08265537768602371,"w":-0.7880743741989136},"size":0.005348052363842726,"orthographic":false}