{"cameraMode":{"drawMode":0,"name":"Shaded","section":"Shading Mode"},"sceneLighting":false,"audioPlay":false,"sceneViewState":{"m_AlwaysRefresh":false,"showFog":true,"showSkybox":false,"showFlares":true,"showImageEffects":true,"showParticleSystems":true,"showVisualEffectGraphs":true,"m_FxEnabled":true},"in2DMode":false,"pivot":{"x":0.3870905637741089,"y":-0.09801796078681946,"z":0.11127704381942749},"rotation":{"x":-0.060090646147727969,"y":-0.4204806983470917,"z":0.02792999893426895,"w":-0.9049060344696045},"size":1.7057193517684937,"orthographic":false}