{"cameraMode":{"drawMode":0,"name":"Shaded","section":"Shading Mode"},"sceneLighting":false,"audioPlay":false,"sceneViewState":{"m_AlwaysRefresh":false,"showFog":true,"showSkybox":false,"showFlares":true,"showImageEffects":true,"showParticleSystems":true,"showVisualEffectGraphs":true,"m_FxEnabled":true},"in2DMode":false,"pivot":{"x":0.0003428111085668206,"y":0.001506621716544032,"z":0.0009826177265495062},"rotation":{"x":-0.060090646147727969,"y":-0.4204806983470917,"z":0.02792999893426895,"w":-0.9049060344696045},"size":0.0012173204449936748,"orthographic":false}