{"cameraMode":{"drawMode":0,"name":"Shaded","section":"Shading Mode"},"sceneLighting":false,"audioPlay":false,"sceneViewState":{"m_AlwaysRefresh":false,"showFog":true,"showSkybox":false,"showFlares":true,"showImageEffects":true,"showParticleSystems":true,"showVisualEffectGraphs":true,"m_FxEnabled":true},"in2DMode":false,"pivot":{"x":0.12018179893493653,"y":1.1357871294021607,"z":-0.30552196502685549},"rotation":{"x":0.17035311460494996,"y":0.8101139068603516,"z":-0.28593793511390688,"w":0.48263850808143618},"size":1.4523837566375733,"orthographic":false}