{"cameraMode":{"drawMode":0,"name":"Shaded","section":"Shading Mode"},"sceneLighting":false,"audioPlay":false,"sceneViewState":{"m_AlwaysRefresh":false,"showFog":true,"showSkybox":false,"showFlares":true,"showImageEffects":true,"showParticleSystems":true,"showVisualEffectGraphs":true,"m_FxEnabled":true},"in2DMode":false,"pivot":{"x":32.407005310058597,"y":0.8733909130096436,"z":37.780025482177737},"rotation":{"x":-0.0638653039932251,"y":-0.9349878430366516,"z":0.26967987418174746,"w":-0.22140589356422425},"size":0.9141311049461365,"orthographic":false}